--- Insert TaskTypes ---
INSERT INTO TaskType (ID, TaskType, Text) VALUES (1, 'Caught', 'Number caught');
INSERT INTO TaskType (ID, TaskType, Text) VALUES (2, 'Size', 'Number of ? specimens you''ve caught');
INSERT INTO TaskType (ID, TaskType, Text) VALUES (3, 'Alpha', 'Number of alpha specimens caught');
INSERT INTO TaskType (ID, TaskType, Text) VALUES (4, 'Unspottted', 'Number you''ve caught without being spotted');
INSERT INTO TaskType (ID, TaskType, Text) VALUES (5, 'Sleeping', 'Number you''ve caught while they were sleeping');
INSERT INTO TaskType (ID, TaskType, Text) VALUES (6, 'During...', 'Number caught ?');
INSERT INTO TaskType (ID, TaskType, Text) VALUES (7, 'In Air', 'Number you''ve caught while they were in the air');
INSERT INTO TaskType (ID, TaskType, Text) VALUES (8, 'Defeated', 'Number defeated');
INSERT INTO TaskType (ID, TaskType, Text) VALUES (9, 'Defeated With Type', 'Number you''ve defeated with ?-type moves');
INSERT INTO TaskType (ID, TaskType, Text) VALUES (10, 'Move', 'Times you''ve seen it use ?');
INSERT INTO TaskType (ID, TaskType, Text) VALUES (11, 'Style', 'Times you''ve seen it use ? style move');
INSERT INTO TaskType (ID, TaskType, Text) VALUES (12, 'Food', 'Times you''ve given it food');
INSERT INTO TaskType (ID, TaskType, Text) VALUES (13, 'Stunned', 'Times you''ve stunned it by using items');
INSERT INTO TaskType (ID, TaskType, Text) VALUES (14, 'Scatter Bang', 'Times you''ve scared it off with a Scatter Bang');
INSERT INTO TaskType (ID, TaskType, Text) VALUES (15, 'Leap Out', 'Number you''ve seen leap out of ?');
INSERT INTO TaskType (ID, TaskType, Text) VALUES (16, 'Forms', 'Number of different forms you''ve obtained');
INSERT INTO TaskType (ID, TaskType, Text) VALUES (17, 'Evolved', 'Number you''ve evolved');
INSERT INTO TaskType (ID, TaskType, Text) VALUES (18, 'Quest', 'Number you''ve evolved');


--- Insert Pokemon ---
INSERT INTO Pokedex (ID, HisuiDexNo, Name) VALUES
  (1,1,'Rowlet'),
  (2,2,'Datrix'),
  (3,3,'Decidueye'),
  (4,4,'Cyndaquil'),
  (5,5,'Quilava'),
  (6,6,'Typhlosion'),
  (7,7,'Oshawott'),
  (8,8,'Dewott'),
  (9,9,'Samurott'),
  (10,10,'Bidoof'),
  (11,11,'Bibarel'),
  (12,12,'Starly'),
  (13,13,'Staravia'),
  (14,14,'Staraptor'),
  (15,15,'Shinx'),
  (16,16,'Luxio'),
  (17,17,'Luxray'),
  (18,18,'Wurmple'),
  (19,19,'Silcoon'),
  (20,20,'Beautifly'),
  (21,21,'Cascoon'),
  (22,22,'Dustox'),
  (23,23,'Ponyta'),
  (24,24,'Rapidash'),
  (25,25,'Eevee'),
  (26,26,'Vaporeon'),
  (27,27,'Jolteon'),
  (28,28,'Flareon'),
  (29,29,'Espeon'),
  (30,30,'Umbreon'),
  (31,31,'Leafeon'),
  (32,32,'Glaceon'),
  (33,33,'Sylveon'),
  (34,34,'Zubat'),
  (35,35,'Golbat'),
  (36,36,'Crobat'),
  (37,37,'Drifloon'),
  (38,38,'Drifblim'),
  (39,39,'Kricketot'),
  (40,40,'Kricketune'),
  (41,41,'Buizel'),
  (42,42,'Floatzel'),
  (43,43,'Burmy'),
  (44,44,'Wormadam'),
  (45,45,'Mothim'),
  (46,46,'Geodude'),
  (47,47,'Graveler'),
  (48,48,'Golem'),
  (49,49,'Stantler'),
  (50,50,'Wyrdeer'),
  (51,51,'Munchlax'),
  (52,52,'Snorlax'),
  (53,53,'Paras'),
  (54,54,'Parasect'),
  (55,55,'Pichu'),
  (56,56,'Pikachu'),
  (57,57,'Raichu'),
  (58,58,'Abra'),
  (59,59,'Kadabra'),
  (60,60,'Alakazam'),
  (61,61,'Chimchar'),
  (62,62,'Monferno'),
  (63,63,'Infernape'),
  (64,64,'Buneary'),
  (65,65,'Lopunny'),
  (66,66,'Cherubi'),
  (67,67,'Cherrim'),
  (68,68,'Psyduck'),
  (69,69,'Golduck'),
  (70,70,'Combee'),
  (71,71,'Vespiquen'),
  (72,72,'Scyther'),
  (73,73,'Kleavor'),
  (74,74,'Scizor'),
  (75,75,'Heracross'),
  (76,76,'Mime Jr.'),
  (77,77,'Mr. Mime'),
  (78,78,'Aipom'),
  (79,79,'Ambipom'),
  (80,80,'Magikarp'),
  (81,81,'Gyarados'),
  (82,82,'Shellos'),
  (83,83,'Gastrodon'),
  (84,84,'Qwilfish'),
  (85,85,'Overqwil'),
  (86,86,'Happiny'),
  (87,87,'Chansey'),
  (88,88,'Blissey'),
  (89,89,'Budew'),
  (90,90,'Roselia'),
  (91,91,'Roserade'),
  (92,92,'Carnivine'),
  (93,93,'Petilil'),
  (94,94,'Lilligant'),
  (95,95,'Tangela'),
  (96,96,'Tangrowth'),
  (97,97,'Barboach'),
  (98,98,'Whiscash'),
  (99,99,'Croagunk'),
  (100,100,'Toxicroak'),
  (101,101,'Ralts'),
  (102,102,'Kirlia'),
  (103,103,'Gardevoir'),
  (104,104,'Gallade'),
  (105,105,'Yanma'),
  (106,106,'Yanmega'),
  (107,107,'Hippopotas'),
  (108,108,'Hippowdon'),
  (109,109,'Pachirisu'),
  (110,110,'Stunky'),
  (111,111,'Skuntank'),
  (112,112,'Teddiursa'),
  (113,113,'Ursaring'),
  (114,114,'Ursaluna'),
  (115,115,'Goomy'),
  (116,116,'Sliggoo'),
  (117,117,'Goodra'),
  (118,118,'Onix'),
  (119,119,'Steelix'),
  (120,120,'Rhyhorn'),
  (121,121,'Rhydon'),
  (122,122,'Rhyperior'),
  (123,123,'Bonsly'),
  (124,124,'Sudowoodo'),
  (125,125,'Lickitung'),
  (126,126,'Lickilicky'),
  (127,127,'Togepi'),
  (128,128,'Togetic'),
  (129,129,'Togekiss'),
  (130,130,'Turtwig'),
  (131,131,'Grotle'),
  (132,132,'Torterra'),
  (133,133,'Porygon'),
  (134,134,'Porygon2'),
  (135,135,'Porygon-Z'),
  (136,136,'Gastly'),
  (137,137,'Haunter'),
  (138,138,'Gengar'),
  (139,139,'Spiritomb'),
  (140,140,'Murkrow'),
  (141,141,'Honchkrow'),
  (142,142,'Unown'),
  (143,143,'Spheal'),
  (144,144,'Sealeo'),
  (145,145,'Walrein'),
  (146,146,'Remoraid'),
  (147,147,'Octillery'),
  (148,148,'Skorupi'),
  (149,149,'Drapion'),
  (150,150,'Growlithe'),
  (151,151,'Arcanine'),
  (152,152,'Glameow'),
  (153,153,'Purugly'),
  (154,154,'Machop'),
  (155,155,'Machoke'),
  (156,156,'Machamp'),
  (157,157,'Chatot'),
  (158,158,'Duskull'),
  (159,159,'Dusclops'),
  (160,160,'Dusknoir'),
  (161,161,'Piplup'),
  (162,162,'Prinplup'),
  (163,163,'Empoleon'),
  (164,164,'Mantyke'),
  (165,165,'Mantine'),
  (166,166,'Basculin'),
  (167,167,'Basculegion'),
  (168,168,'Vulpix'),
  (169,169,'Ninetales'),
  (170,170,'Tentacool'),
  (171,171,'Tentacruel'),
  (172,172,'Finneon'),
  (173,173,'Lumineon'),
  (174,174,'Magby'),
  (175,175,'Magmar'),
  (176,176,'Magmortar'),
  (177,177,'Magnemite'),
  (178,178,'Magneton'),
  (179,179,'Magnezone'),
  (180,180,'Bronzor'),
  (181,181,'Bronzong'),
  (182,182,'Elekid'),
  (183,183,'Electabuzz'),
  (184,184,'Electivire'),
  (185,185,'Gligar'),
  (186,186,'Gliscor'),
  (187,187,'Gible'),
  (188,188,'Gabite'),
  (189,189,'Garchomp'),
  (190,190,'Nosepass'),
  (191,191,'Probopass'),
  (192,192,'Voltorb'),
  (193,193,'Electrode'),
  (194,194,'Rotom'),
  (195,195,'Chingling'),
  (196,196,'Chimecho'),
  (197,197,'Misdreavus'),
  (198,198,'Mismagius'),
  (199,199,'Cleffa'),
  (200,200,'Clefairy'),
  (201,201,'Clefable'),
  (202,202,'Sneasel'),
  (203,203,'Sneasler'),
  (204,204,'Weavile'),
  (205,205,'Snorunt'),
  (206,206,'Glalie'),
  (207,207,'Froslass'),
  (208,208,'Cranidos'),
  (209,209,'Rampardos'),
  (210,210,'Shieldon'),
  (211,211,'Bastiodon'),
  (212,212,'Swinub'),
  (213,213,'Piloswine'),
  (214,214,'Mamoswine'),
  (215,215,'Bergmite'),
  (216,216,'Avalugg'),
  (217,217,'Snover'),
  (218,218,'Abomasnow'),
  (219,219,'Zorua'),
  (220,220,'Zoroark'),
  (221,221,'Rufflet'),
  (222,222,'Braviary'),
  (223,223,'Riolu'),
  (224,224,'Lucario'),
  (225,225,'Uxie'),
  (226,226,'Mesprit'),
  (227,227,'Azelf'),
  (228,228,'Heatran'),
  (229,229,'Regigigas'),
  (230,230,'Cresselia'),
  (231,231,'Tornadus'),
  (232,232,'Thundurus'),
  (233,233,'Landorus'),
  (234,234,'Enamorus'),
  (235,235,'Dialga'),
  (236,236,'Palkia'),
  (237,237,'Giratina'),
  (238,238,'Arceus'),
  (239,239,'Phione'),
  (240,240,'Manaphy'),
  (241,241,'Shaymin'),
  (242,242,'Darkrai');


--- Insert Tasks ---
INSERT INTO Task (PokemonID, Points, TaskOrder, TaskTypeID, AddText, Level1, Level2, Level3, Level4, Level5, PointsPossible) VALUES
  (1,20,1,1,NULL,1,2,3,4,5,100),
  (1,20,2,10,'Leafage',1,2,4,10,15,100),
  (1,10,3,10,'Roost',1,2,4,10,15,50),
  (1,10,4,10,'Aerial Ace',1,2,4,10,15,50),
  (1,10,5,11,'a strong',1,2,4,10,15,50),
  (1,10,6,11,'an agile',1,2,4,10,15,50),
  (1,20,7,17,NULL,1,NULL,NULL,NULL,NULL,20),
  (2,20,1,1,NULL,1,2,3,4,5,100),
  (2,20,2,10,'Leafage',1,2,4,10,15,100),
  (2,10,3,10,'Roost',1,2,4,10,15,50),
  (2,10,4,10,'Aerial Ace',1,2,4,10,15,50),
  (2,10,5,11,'a strong',1,2,4,10,15,50),
  (2,10,6,11,'an agile',1,2,4,10,15,50),
  (2,20,7,17,NULL,1,2,3,NULL,NULL,60),
  (3,20,1,1,NULL,1,2,3,4,5,100),
  (3,20,2,10,'Triple Arrows',1,3,8,20,40,100),
  (3,10,3,10,'Leaf Blade',1,3,6,12,25,50),
  (3,10,4,10,'Leaf Storm',1,3,6,12,25,50),
  (3,20,5,11,'a strong',1,3,8,20,40,100),
  (3,10,6,11,'an agile',1,3,8,20,40,50),
  (4,20,1,1,NULL,1,2,3,4,5,100),
  (4,20,2,10,'Ember',1,2,4,10,15,100),
  (4,10,3,10,'Quick Attack',1,2,4,10,15,50),
  (4,10,4,10,'Flame Wheel',1,2,4,10,15,50),
  (4,10,5,11,'a strong',1,2,4,10,15,50),
  (4,10,6,11,'an agile',1,2,4,10,15,50),
  (4,20,7,17,NULL,1,NULL,NULL,NULL,NULL,20),
  (5,20,1,1,NULL,1,2,3,4,5,100),
  (5,20,2,10,'Ember',1,2,4,10,15,100),
  (5,10,3,10,'Quick Attack',1,2,4,10,15,50),
  (5,10,4,10,'Flame Wheel',1,2,4,10,15,50),
  (5,10,5,11,'a strong',1,2,4,10,15,50),
  (5,10,6,11,'an agile',1,2,4,10,15,50),
  (5,20,7,17,NULL,1,2,3,NULL,NULL,60),
  (6,20,1,1,NULL,1,2,3,4,5,100),
  (6,20,2,10,'Infernal Parade',1,3,8,20,40,100),
  (6,10,3,10,'Flamethrower',1,3,6,12,25,50),
  (6,10,4,10,'Overheat',1,3,6,12,25,50),
  (6,10,5,11,'a strong',1,3,8,20,40,50),
  (6,20,6,11,'an agile',1,3,8,20,40,100),
  (7,20,1,1,NULL,1,2,3,4,5,100),
  (7,20,2,10,'Aqua Jet',1,2,4,10,15,100),
  (7,10,3,10,'Water Pulse',1,2,4,10,15,50),
  (7,10,4,10,'Slash',1,2,4,10,15,50),
  (7,10,5,11,'a strong',1,2,4,10,15,50),
  (7,10,6,11,'an agile',1,2,4,10,15,50),
  (7,20,7,17,NULL,1,NULL,NULL,NULL,NULL,20),
  (8,20,1,1,NULL,1,2,3,4,5,100),
  (8,20,2,10,'Aqua Jet',1,2,4,10,15,100),
  (8,10,3,10,'Water Pulse',1,2,4,10,15,50),
  (8,10,4,10,'Slash',1,2,4,10,15,50),
  (8,10,5,11,'a strong',1,2,4,10,15,50),
  (8,10,6,11,'an agile',1,2,4,10,15,50),
  (8,20,7,17,NULL,1,2,3,NULL,NULL,60),
  (9,20,1,1,NULL,1,2,3,4,5,100),
  (9,20,2,10,'Ceaseless Edge',1,3,8,20,40,100),
  (9,10,3,10,'Aqua Tail',1,3,6,12,25,50),
  (9,10,4,10,'Hydro Pump',1,3,6,12,25,50),
  (9,20,5,11,'a strong',1,3,8,20,40,100),
  (9,10,6,11,'an agile',1,3,8,20,40,50),
  (10,20,1,1,NULL,1,3,6,12,25,100),
  (10,10,2,2,'heavy',1,2,3,5,7,50),
  (10,10,3,8,NULL,1,2,4,10,15,50),
  (10,10,4,16,NULL,2,NULL,NULL,NULL,NULL,10),
  (10,20,5,17,NULL,1,NULL,NULL,NULL,NULL,20),
  (10,20,6,18,'the Bidoof that bother the village',1,NULL,NULL,NULL,NULL,20),
  (11,20,1,1,NULL,1,3,6,12,25,100),
  (11,20,2,3,NULL,1,2,3,4,5,100),
  (11,10,3,8,NULL,1,3,6,12,20,50),
  (11,10,4,10,'Bite',1,3,6,12,25,50),
  (11,20,5,10,'Aqua Tail',1,3,6,12,25,100),
  (11,10,6,11,'a strong',1,3,6,12,25,50),
  (11,10,7,16,NULL,2,NULL,NULL,NULL,NULL,10),
  (12,20,1,1,NULL,1,3,6,12,25,100),
  (12,10,2,4,NULL,1,2,5,10,20,50),
  (12,10,3,8,NULL,1,2,4,10,15,50),
  (12,10,4,16,NULL,2,NULL,NULL,NULL,NULL,10),
  (12,20,5,17,NULL,1,2,3,NULL,NULL,60),
  (13,20,1,1,NULL,1,2,4,10,15,100),
  (13,10,2,8,NULL,1,3,6,12,25,50),
  (13,20,3,9,'Electric',1,2,4,6,10,100),
  (13,10,4,10,'Aerial Ace',1,3,6,12,25,50),
  (13,10,5,12,NULL,1,3,5,7,10,50),
  (13,10,6,16,NULL,2,NULL,NULL,NULL,NULL,10),
  (13,20,7,17,NULL,1,2,3,NULL,NULL,60),
  (14,20,1,1,NULL,1,2,4,10,15,100),
  (14,20,2,7,NULL,1,2,3,4,5,100),
  (14,10,3,8,NULL,1,2,4,10,15,50),
  (14,20,4,9,'Rock',1,2,5,10,20,100),
  (14,10,5,10,'Air Slash',1,3,8,20,40,50),
  (14,20,6,10,'Brave Bird',1,3,8,20,40,100),
  (14,10,7,11,'a strong',1,2,4,10,15,50),
  (14,10,8,16,NULL,2,NULL,NULL,NULL,NULL,10)